director,duration,entries,original_title,release_date,title
Dany Boon,106,4378720,,27/02/2008,Bienvenue chez les Ch'tis
Dany Boon,107,2429906,,28/02/2018,La Ch’tite famille
Alfonso Cuaron,141,2503699,Harry Potter and the Prisoner of Azkaban,02/06/2004,Harry Potter et le prisonnier d'Azkaban
Rian Johnson,151,2510462,Star Wars: The Last Jedi,13/12/2017,Star Wars: Les derniers Jedi
- Russo (brothers),156,2565953,,25/04/2018,Avengers: Infinity War
David Yates,138,2486291,Harry Potter and the Order of the Phoenix,11/07/2007,Harry Potter et l'Ordre du Phénix
David Yates,150,2537450,Harry Potter and the Deathly Hallows: Part I,24/11/2010,Harry Potter et les reliques de la mort - partie 1
Dany Boon,108,2587056,,02/02/2011,Rien à déclarer
James Cameron,160,2648596,,16/12/2009,Avatar
Gore Verbinski,150,2708112,Pirates of the Caribbean: Dead Man's Chest,02/08/2006,"Pirates des Caraïbes, le secret du coffre maudit"
Jean-Marie Poiré,118,2655916,,11/02/1998,Les Visiteurs II - Les Couloirs du temps
Claude Zidi,109,2718443,,03/02/1999,Astérix et Obélix contre César
Chris Columbus,150,2728766,Harry Potter and the Chamber of Secrets,04/12/2002,Harry Potter et la chambre des secrets
James Cameron,192,2739848,Avatar: The Way of Water,14/12/2022,Avatar : la voie de l'eau
Gore Verbinski,168,2709377,Pirates of the Caribbean : At World's End,23/05/2007,"Pirates des Caraïbes, jusqu'au bout du monde"
Thomas Gilou,105,2830489,,07/02/2001,La Vérité si je mens! 2
Peter Jackson,201,2852784,The Lord of the Rings: The Return of the King,17/12/2003,Le Seigneur des anneaux: Le Retour du roi
Joss Whedon,142,2041362,,25/04/2012,Marvel's The Avengers
,96,2075238,Rambo : First Blood Part 2,16/10/1985,Rambo 2 : la mission
Shane Black,130,2064740,,24/04/2013,Iron Man 3
Lee Unkrich,101,2056621,Finding Nemo,26/11/2003,Le Monde de Nemo
Colin Trevorrow,124,2087959,,10/06/2015,Jurassic World
Sam Raimi,127,2100789,,14/07/2004,Spider-Man 2
Wachowski (brothers),138,2112676,The Matrix Reloaded,16/05/2003,Matrix Reloaded
,125,2081638,Fifty Shades of Grey,11/02/2015,Cinquante Nuances de Grey
Wachowski (brothers),129,2121172,The Matrix Revolutions,05/11/2003,Matrix Revolutions
,104,2137267,Frozen II,20/11/2019,La Reine des neiges 2
. Nakache & Toledano,112,2126545,,02/11/2011,Intouchables
Phlippe de Chauveron,99,2153093,,30/01/2019,Qu'est-ce qu'on a encore fait au Bon Dieu ?
Barry Sonnenfeld,88,2141755,,07/08/2002,Men in Black II
James Wan,140,2158508,Furious 7,01/04/2015,Fast & Furious 7
Olivier Baroux,92,2201007,,31/01/2018,"Les Tuche 3 : Liberté, Égalité, FraterniTuche"
,91,2180461,Minions,08/07/2015,Les Minions
,86,2171810,Ice Age: The Meltdown,05/04/2006,L'Age de glace 2
Sam Mendes,150,2203549,,11/11/2015,Spectre
Dany Boon,107,2151921,,26/02/2014,Supercondriaque
Roland Emmerich,158,2212370,,11/11/2009,2012
Gérard Krawczyk,90,2251493,,29/01/2003,Taxi 3
Chris Columbus,142,2316734,Harry Potter and the Sorcerer's Stone,05/12/2001,Harry Potter à l'école des sorciers
George Lucas,133,2257203,The Phantom Menace,13/10/1999,La Menace fantôme
Steven Spielberg,127,2256688,,20/10/1993,Jurassic Park
Andrew Adamson,92,2238286,,23/06/2004,Shrek 2
Chris Weitz,130,2318559,The Twilight Saga: New Moon,18/11/2009,Twilight - Chapitre 2 : Tentation
,87,2403734,Ice Age: Dawn of the Dinosaurs,03/07/2009,L'Age de glace 3 - Le Temps des dinosaures
Wachowski (brothers),136,1778279,The Matrix,23/06/1999,Matrix
,94,1767490,Ice Age: Continental Drift,27/06/2012,L'Âge de glace: La dérive des continents
,96,1756100,Despicable Me 3,05/07/2017,"Moi, Moche et Méchant 3"
,92,1751471,Shrek the Third,13/06/2007,Shrek Le Troisième
Peter Jackson,144,1789196,The Hobbit: The Battle of the Five Armies,10/12/2014,Le Hobbit : la Bataille des Cinq Armées
Gareth Edwards,133,1798117,,14/12/2016,Rogue One: A Star Wars Story
,95,1806263,,18/03/2009,Coco
Andrew Adamson,132,1813554,"The Chronicles of Narnia: The Lion, the Witch and the Wardrobe",21/12/2005,"Le Monde de Narnia : Le lion, la sorcière blanche et l'armoire magique"
Sam Mendes,143,1839220,,26/10/2012,Skyfall
Luc Besson,126,1813448,,07/05/1997,Le Cinquième élément
Christopher Nolan,165,1835547,,25/07/2012,The Dark Knight Rises
Sylvester Stallone,91,1846150,,22/01/1986,Rocky IV
Brad Bird,118,1840492,The Incredibles 2,04/07/2018,Les Indestructibles 2
F. Gary Gray,136,1861108,The Fate of the Furious,12/04/2017,Fast & Furious 8
Guillaume Canet,112,1882686,,01/02/2023,Astérix et Obélix : L'Empire du milieu
Fabien Onteniente,95,1879507,,26/04/2006,Camping
,92,1866914,The Super Mario Bros. Movie,05/04/2023,"Super Mario Bros, le film"
Sam Raimi,121,1903136,,12/06/2002,Spider-Man
Christophe Gans,142,1924934,,31/01/2001,Le Pacte des loups
Joss Whedon,141,1926049,The Avengers: Age of Ultron,22/04/2015,Avengers : L'ère d'Ultron
Luc Besson,88,1941424,,06/08/2014,Lucy
Brad Bird,111,1951074,,01/08/2007,Ratatouille
Peter Jackson,178,1978162,The Lord of the Rings: The Fellowship of the Ring,19/12/2001,Le Seigneur des anneaux: La Communauté de l'anneau
Steven Spielberg,129,1992899,The Lost World,22/10/1997,Le Monde perdu
,124,2001000,The Twilight Saga: Eclipse,07/07/2010,Twilight - Chapitre 3 : Hésitation
Thomas Gilou,119,1944022,,01/02/2012,La Vérité si je mens! 3
Roland Emmerich,140,1941238,,02/10/1996,Independence Day
Francis Lawrence,125,1538201,"The Hunger Games: Mockingjay, Part 1",19/11/2014,Hunger Games - La Révolte : Partie 1
Brett Ratner,104,1548582,X-Men: The Last Stand,24/05/2006,X-Men l'affrontement final
Justin Lin,130,1546806,,22/05/2013,Fast & Furious 6
Olivier Dahan,140,1573648,,14/02/2007,La Môme
,109,1575661,,10/02/2016,Deadpool
,108,1556396,Zootopia,17/02/2016,Zootopie
Tim Burton,109,1599583,Alice in Wonderland (2010),24/03/2010,Alice au Pays des Merveilles (2010)
Todd Phillips,122,1606425,,09/10/2019,Joker
John Woo,126,1610166,,26/07/2000,Mission: Impossible 2
Jean-Pierre Jeunet,134,1618337,,27/10/2004,Un long dimanche de fiançailles
,115,1618110,Fifty Shades Darker,08/02/2017,Cinquante nuances plus sombres
Peter Jackson,161,1619507,The Hobbit: The Desolation of Smaug,11/12/2013,Le Hobbit : la Désolation de Smaug
Steven Spielberg,118,1629779,Indiana Jones and The Temple of Doom,12/09/1984,Indiana Jones et le temple maudit
Barry Sonnenfeld,98,1629217,Men in Black,06/08/1997,Men In Black
Luc Besson,132,1640681,,26/07/2017,Valérian et la Cité des Mille Planètes
Fabien Onteniente,105,1382023,,29/06/2016,Camping 3
Jean-Marie Poiré,110,1388080,,11/10/1995,Les Anges gardiens
James Gunn,136,1401339,Guardians Of The Galaxy Vol. 2,26/04/2017,Les Gardiens de la Galaxie 2
,163,1384858,No Time to Die,06/10/2021,Mourir peut attendre
Alejandro González Iñárritu,151,1409177,,24/02/2016,The Revenant
Juan Antonio Bayona,129,1396911,,06/06/2018,Jurassic World: Fallen Kingdom
Wes Craven,114,1395626,,19/04/2000,Scream 3
Chris Renaud,98,1418855,Despicable Me 2,26/06/2013,"Moi, moche et méchant 2"
David Yates,133,1420401,Fantastic Beasts and Where to Find Them,16/11/2016,Les Animaux fantastiques
,100,1420883,The Simpsons Movie,25/07/2007,Les Simpsons
Peter Jackson,165,1434119,The Hobbit: An Unexpected Journey,12/12/2012,Le Hobbit : un voyage inattendu
Francis Lawrence,146,1425123,The Hunger Games: Catching Fire,27/11/2013,Hunger Games - L'embrasement
Alain Berberian,107,1423290,,10/04/2002,Le Boulet
,88,1435561,,24/11/1999,Tarzan
Sam Raimi,126,1438287,Doctor Strange In The Multiverse Of Madness,04/05/2022,Doctor Strange in the Multiverse of Madness
Peter Berg,92,1265163,,09/07/2008,Hancock
Keenen Ivory Wayans,88,1438991,,25/10/2000,Scary Movie
Lee Unkrich,103,1276905,,14/07/2010,Toy Story 3
,123,1270698,Notting Hill,18/08/1999,Coup de foudre à Notting Hill
Bill Condon,129,1281588,Beauty and the Beast (2017),22/03/2017,La Belle et la Bête (2017)
Christopher Nolan,150,1271688,The Dark Knight,13/08/2008,"The Dark Knight, Le Chevalier Noir"
Colin Trevorrow,147,1299065,Jurassic World: Dominion,08/06/2022,Jurassic World: Le Monde d'après
Justin Lin,143,1301589,F9: The Fast Saga,14/07/2021,Fast & Furious 9
,96,1301980,Up,29/07/2009,Là-haut
Jon Favreau,106,1302847,The Jungle Book (2016),13/04/2016,Le Livre de la jungle (2016)
Francis Veber,84,1303117,,17/01/2001,Le Placard
Christopher Nolan,148,1305534,,21/07/2010,Inception
Rob Minkoff,89,1312942,The Lion King,23/11/1994,Le Roi lion
Steven Spielberg,127,1314450,Indiana Jones and The Last Crusade,18/10/1989,Indiana Jones et la Dernière Croisade
Michael Bay,150,1315020,Transformers: Dark of the Moon,29/06/2011,Transformers 3 - La Face cachée de la Lune
,110,1321648,Rise of the Planet of the Apes,10/08/2011,La Planète des singes: les origines
Ridley Scott,148,1185144,Robin Hood (2010),12/05/2010,Robin des Bois (2010)
Gore Verbinski,140,1181208,Pirates of the Caribbean: The Curse of the Black Pearl,13/08/2003,"Pirates des Caraïbes, la malédiction du Black Pearl"
Jean-Pierre Jeunet,120,1185945,,25/04/2001,Le Fabuleux destin d'Amélie Poulain
,120,1186493,,16/05/2018,Deadpool 2
Olivier Megaton,103,1192842,,21/01/2015,Taken 3
,133,1190062,The Maze Runner: Scorch Trials,07/10/2015,Le Labyrinthe : La Terre brûlée
Ridley Scott,131,1197707,,28/02/2001,Hannibal
Steven Soderbergh,125,1202262,,15/12/2004,Ocean's Twelve
Marc Foster,116,1209900,,03/07/2013,World War Z
Roger Spottiswoode,115,1202360,Tomorrow Never Dies,17/12/1997,Demain ne meurt jamais
Michael Bay,166,1215124,Transformers: Age Of Extinction,16/07/2014,Transformers : l'âge de l'extinction
Luc Besson,94,1213383,,02/12/2009,Arthur et la vengeance de Maltazard
Jon Favreau,125,1216314,,28/04/2010,Iron Man 2
Michael Bay,150,1217814,,05/08/1998,Armageddon
Bryan Singer,130,1223166,X-Men : Days of Future Past,21/05/2014,X-Men: Days of Future Past
,94,1224811,How to Train Your Dragon: The Hidden World,06/02/2019,Dragons 3 : Le monde caché
,87,1118647,,22/10/1986,Cobra
Quentin Tarantino,165,1128810,,16/01/2013,Django Unchained
,90,1124383,,15/02/2017,Alibi.com
Jean-Pierre Jeunet,104,1125755,Alien: Resurrection,12/11/1997,"Alien, la résurrection"
Roland Emmerich,140,1127486,,16/09/1998,Godzilla
Martin Campbell,130,1122957,The Legend of Zorro,26/10/2005,La Légende de Zorro
,136,1131141,Fast & Furious Presents: Hobbs & Shaw,07/08/2019,Fast & Furious : Hobbs & Shaw
David Yates,143,1132062,Fantastic Beasts: The Secrets of Dumbledore,13/04/2022,Les Animaux Fantastiques 3 : Les Secrets de Dumbledore
Quentin Tarantino,159,1132221,,14/08/2019,Once Upon a Time in Hollywood
Laurent Tirard,86,1132450,,30/09/2009,Le Petit Nicolas
Laurent Tirard,109,1132279,,17/10/2012,Astérix et Obélix: Au service de sa Majesté
Doug Liman,115,1132991,Mr. and Mrs. Smith,27/07/2005,Mr. & Mrs. Smith
Steven Spielberg,141,1137654,Catch Me If You Can,12/02/2003,Arrête-moi si tu peux
,131,1140386,,25/10/2017,Thor : Ragnarok
Louis Leterrier,141,1140846,Fast X,17/05/2023,Fast & Furious X
M. Night Shyamalan,108,1071424,The Village,18/08/2004,Le Village
Martin Scorsese,138,1073540,,24/02/2010,Shutter Island
Ron Clements,103,1073991,Moana,30/11/2016,"Vaiana, la légende du bout du monde"
,95,1075085,Atlantis: The Lost Empire,28/11/2001,"Atlantide, l'empire perdu"
Christopher Nolan,169,1071360,,05/11/2014,Interstellar
Bryan Singer,135,1077661,,31/10/2018,Bohemian Rhapsody
Jan De Bont,113,1078707,,21/08/1996,Twister
Michel Hazanavicius,105,1082028,,29/02/2012,Les Infidèles
,90,1085065,The Hunchback of Notre Dame,27/11/1996,Le Bossu de Notre Dame
Clint Eastwood,132,1083056,,18/02/2015,American Sniper
,109,1086313,,25/04/2012,Le Prénom
Jean-Jacques Annaud,109,1083231,,07/04/2004,Deux frères
Olivier Dahan,97,1088676,,26/09/2012,Les Seigneurs
,91,1089789,Puss in Boots,30/11/2011,Le Chat Potté
James Mangold,154,1089875,Indiana Jones and the Dial of Destiny,28/06/2023,Indiana Jones et le Cadran de la Destinée
,94,1087767,Madagascar 3: Europe's Most Wanted,06/06/2012,Madagascar 3 Bons Baisers D’Europe
Andrew Stanton,103,1003479,Finding Dory,22/06/2016,Le Monde de Dory
,89,1002709,,28/09/2016,Radin!
Florent Emilio Siri,148,1006479,,14/03/2012,CloClo
,121,1007159,,05/04/2023,Les Trois Mousquetaires: D'Artagnan
,82,1008846,,22/11/1995,Pocahontas
Roland Emmerich,124,1009004,The Day After Tomorrow,26/05/2004,Le Jour d'après
,105,1003469,,19/03/2003,Chouchou
François Ozon,103,1008915,,06/02/2002,8 Femmes
Martin Scorsese,179,1013324,The Wolf of Wall Street,25/12/2013,Le Loup de Wall Street
,134,1011878,Return of The Jedi,19/10/1983,Le Retour du Jedi
Len Wiseman,130,1011566,Live Free or Die Hard,04/07/2007,Die Hard 4 - retour en enfer
,91,1015247,,21/07/2021,Kaamelott – Premier volet
Stephen Sommers,125,1013707,The Mummy,21/07/1999,La Momie
,136,1014724,,04/07/2012,The Amazing Spider-Man
Matt Reeves,140,1016520,War for the Planet of the Apes,02/08/2017,La Planète des Singes - Suprématie
,115,1001793,,26/10/2016,Doctor Strange
Luc Besson,160,1017149,,27/10/1999,Jeanne d'Arc
,88,1017788,,08/02/2023,Alibi.com 2
,112,941871,,10/10/2018,Venom (2018)
Francis F. Coppola,130,942988,,13/01/1993,Dracula
Todd Phillips,100,944983,The Hangover Part III,29/05/2013,Very Bad Trip 3
Keenen Ivory Wayans,95,945404,,25/07/2001,Scary Movie 2
Christopher Nolan,150,948378,,26/08/2020,Tenet
Lee Unkrich,100,948846,,29/11/2017,Coco (2017)
,109,950353,,02/08/2017,Cars 3
,123,952331,Fantastic Four,20/07/2005,Les 4 Fantastiques
Valérie Lemercier,100,953105,,23/11/2005,Palais Royal!
Louis Leterrier,118,955263,Clash of the Titans (2010),07/04/2010,Le Choc des Titans (2010)
,100,955285,Brave,01/08/2012,Rebelle
,91,955571,,09/07/2008,Kung Fu Panda
,115,955650,,16/02/2022,Uncharted
Michael Bay,144,956475,,25/07/2007,Transformers
James Wan,144,940003,,19/12/2018,Aquaman
Nancy Meyers,127,959614,What Women Want,14/02/2001,Ce que veulent les femmes
Kevin Reynolds,136,887866,,25/10/1995,Waterworld
Steven Spielberg,100,889788,,28/03/2018,Ready Player One
,112,891596,Ralph Breaks the Internet: Wreck-It Ralph 2,13/02/2019,Ralph 2.0
Kenneth Branagh,114,895181,,27/04/2011,Thor
,107,897452,,14/03/2018,Tout le monde debout
Tim Burton,125,898739,,13/09/1989,Batman
. Nakache & Toledano,119,900042,,15/10/2014,Samba
Francis Veber,85,900106,,22/10/2003,Tais-toi
Joe Johnston,92,900178,,08/08/2001,Jurassic Park III
Bryan Singer,144,902696,,18/05/2016,X-Men: Apocalypse
,135,908589,It,20/09/2017,Ca
Olivier Dahan,100,908719,,18/02/2004,"Les Rivières pourpres 2, Les Anges de l'Apocalypse"
George Miller,120,905012,,14/05/2015,Mad Max: Fury Road
,133,909000,,07/07/2021,Black Widow (2021)
,129,910322,Now You See Me 2,27/07/2016,Insaisissables 2
John McTiernan,128,919184,Die Hard: With a Vengeance,02/08/1995,Une journée en enfer
,88,921751,,12/03/2014,Fiston
Olivier Baroux,101,852098,,08/12/2021,Les Tuche 4
,100,853930,,19/09/2001,Vidocq
Bryan Singer,104,857619,,16/08/2000,X-Men
,131,854233,A View to a Kill,11/09/1985,Dangereusement vôtre
Guillaume Canet,125,858599,,01/11/2006,Ne le dis à personne
Andy Tennant,118,861055,Hitch,16/03/2005,Hitch expert en séduction
Clint Eastwood,116,865928,,25/02/2009,Gran Torino
,88,863262,,25/11/1998,Mulan
,102,862291,Frozen,04/12/2013,La Reine des neiges
,91,865935,Kung Fu Panda: The Kaboom of Doom,15/06/2011,Kung Fu Panda 2
Jon Favreau,130,866316,,30/04/2008,Iron Man
Clint Eastwood,134,866723,,13/01/2010,Invictus
Raja Gosnell,104,866439,The Smurfs,03/08/2011,Les Schtroumpfs
Michael Bay,183,866919,,06/06/2001,Pearl Harbor
,92,810558,The Penguins of Madagascar,17/12/2014,Les Pingouins de Madagascar
Ridley Scott,123,812356,,30/05/2012,Prometheus
,115,812932,,10/03/2010,La Rafle
Wolfgang Petersen,155,813201,Troy,13/05/2004,Troie
Mike Newell,116,815255,Prince of Persia: The Sands of Time,26/05/2010,Prince of Persia : les sables du temps
Ang Lee,140,815461,The Hulk,02/07/2003,Hulk
Tim Burton,105,816121,,09/02/2000,Sleepy Hollow
Ron Clements,90,819474,,24/11/1993,Aladdin
,90,818852,,04/04/2001,Yamakasi
,97,823158,Hotel Transylvania 3: Summer Vacation,25/07/2018,Hôtel Transylvanie 3 : Des vacances monstrueuses
Brett Ratner,90,825350,,29/08/2001,Rush Hour 2
David Fincher,168,826315,The Curious Case of Benjamin Button,04/02/2009,L'Etrange histoire de Benjamin Button
Jon Turteltaub,124,826848,National Treasure: Book of Secrets,13/02/2008,Benjamin Gates et le Livre des Secrets
,114,829241,American Reunion,02/05/2012,American Pie 4
Brad Bird,133,827046,Mission: Impossible - Ghost Protocol,14/12/2011,Mission: Impossible - Protocole fantôme
,110,829686,Bridget Jones: The Edge of Reason,08/12/2004,Bridget Jones: L'Âge de raison
Lee Unkrich,92,777943,"Monsters, Inc.",20/03/2002,Monstres & Cie
Cédric Klapisch,130,778154,,20/02/2008,Paris
Guy Ritchie,134,780449,,03/02/2010,Sherlock Holmes
Robert Rodriguez,121,782778,,13/02/2019,Alita: Battle Angel
Ridley Scott,150,783838,,24/12/2014,Exodus: Gods And Kings
,94,787437,Inside Out,17/06/2015,Vice Versa
,119,786485,Maleficent: Mistress of Evil,16/10/2019,Maléfique : Le Pouvoir du Mal
Christophe Barratier,95,786220,,17/03/2004,Les Choristes
Sam Raimi,127,788437,Oz: The Great and Powerful,13/03/2013,Le Monde fantastique d’Oz
,121,787050,The Divergent Series: Allegiant,09/03/2016,Divergente 3 : au-delà du mur
,92,790413,,23/10/2019,Abominable
Alex Proyas,120,788519,,28/07/2004,"I, Robot"
,123,785636,Jumanji: The Next Level,04/12/2019,Jumanji: next level
,105,792503,,20/12/2006,Eragon
Luc Besson,103,792836,,14/09/1994,Léon
,142,751040,Maze Runner: The Death Cure,07/02/2018,Le Labyrinthe : le remède mortel
Jay Roach,115,751304,Meet the Fockers,16/02/2005,"Mon beau-père, mes parents et moi"
Damien Chazelle,128,754534,,25/01/2017,La La Land
Gérard Pires,86,795989,,08/04/1998,Taxi
Tim Burton,127,754984,Miss Peregrine's Home For Peculiar Children,05/10/2016,Miss Peregrine et les enfants particuliers
,120,755835,Twilight (2008),07/01/2009,Twilight - Chapitre 1 : Fascination
Patty Jenkins,141,755369,,07/06/2017,Wonder Woman
McG,114,756323,Terminator Salvation: The Future Begins,03/06/2009,Terminator Renaissance
,92,758991,,28/03/2001,La Tour Montparnasse infernale
,85,757255,,04/02/2015,Papa ou maman
Quentin Tarantino,182,759450,The Hateful Eight,06/01/2016,Les Huit salopards
Stephen Sommers,130,756465,The Mummy Returns,23/05/2001,Le Retour de la Momie
Baz Luhrmann,143,760438,The Great Gatsby (2013),15/05/2013,Gatsby le Magnifique (2013)
,130,761958,,13/03/2013,Jappeloup
Danièle Thompson,100,762912,,18/02/2009,Le Code a changé
Tim Burton,106,766547,Charlie and the Chocolate Factory,13/07/2005,Charlie et la chocolaterie
Chris Renaud,86,710881,The Secret Life of Pets 2,31/07/2019,Comme des bêtes 2
Jan De Bont,116,711565,,24/08/1994,Speed
Agnès Jaoui,112,711458,,01/03/2000,Le Goût des autres
McG,98,711821,Charlie's Angels,22/11/2000,Charlie et ses drôles de dames
Jaume Collet-Serra,124,713308,,19/10/2022,Black Adam
Darren Aronofsky,103,714315,,09/02/2011,Black Swan
,118,713011,Ant-Man and the Wasp,18/07/2018,Ant-Man et la guêpe
,132,717882,License to Kill,16/08/1989,Permis de tuer
Tim Burton,106,719593,,26/02/1997,Mars Attacks!
M. Night Shyamalan,105,718188,Signs,16/10/2002,Signes
Gareth Edwards,123,720996,,14/05/2014,Godzilla (2014)
,115,720522,High School Musical 3: Senior Year,22/10/2008,High School Musical 3 : nos années lycée
,90,728928,,05/02/2003,La Beuze
,96,727387,Bolt,04/02/2009,"Volt, star malgré lui"
Edward Zwick,144,729476,The Last Samurai,14/01/2004,Le Dernier samouraï
Michael Mann,135,730466,Miami Vice,16/08/2006,Miami vice - Deux flics à Miami
,107,733365,,07/12/2011,Hollywoo
J.J. Abrams,112,734715,,03/08/2011,Super 8
Tim Burton,112,676890,,09/05/2012,Dark Shadows
,90,676090,,20/10/2021,Venom - Let There Be Carnage
Alain Berberian,92,679754,,06/10/2004,L'Enquête corse
Olivier Megaton,105,678945,,26/11/2008,Le Transporteur III
Terry Gilliam,130,680118,Twelve Monkeys,28/02/1996,L'Armée des 12 singes
Ron Howard,118,682241,Ransom,22/01/1997,La Rançon
Rob Minkoff,92,682400,,12/04/2000,Stuart Little
Guillermo Del Toro,115,683115,,19/06/2002,Blade II
Nicolas Vanier,98,683604,,18/12/2013,Belle et Sébastien
,97,685225,Cruel Intentions,23/06/1999,Sexe intentions
,117,684851,La Vita e bella (Life is Beautiful),21/10/1998,La Vie est belle
,116,685878,,04/08/2021,OSS 117: Alerte rouge en Afrique noire
,96,687807,,16/10/2013,Turbo
George Clooney,110,687930,,12/03/2014,The Monuments Men
Michael Bay,147,689293,,15/10/2003,Bad Boys II
,123,651309,,22/01/2020,Bad Boys for Life
Jacques Audiard,115,651578,,17/05/2012,De rouille et d'os
Olivier Marchal,110,652148,,24/11/2004,"36, quai des orfèvres"
Wolfgang Petersen,130,652897,The Perfect Storm,08/08/2000,En pleine tempête
,95,656119,,08/04/2015,Pourquoi j'ai pas mangé mon père
John Lasseter,96,654270,A Bug's Life,10/02/1999,1001 pattes
Todd Phillips,100,657019,Starsky and Hutch,21/04/2004,Starsky & Hutch
Christophe Gans,112,658553,,12/02/2014,La Belle & La Bête (2014)
Gérard Pires,90,657839,,16/06/2004,Double zéro
Claude Berri,97,657191,,21/03/2007,"Ensemble, c'est tout"
,106,657288,The Fantastic Four,05/08/2015,Les Fant4stiques
Clint Eastwood,116,659999,The Mule,23/01/2019,La Mule
Cédric Klapisch,125,662329,,15/06/2005,Les Poupées russes
,102,660421,,05/07/2023,Miraculous - le film
Thomas Gilou,97,663787,,16/02/2022,Maison de Retraite
Antoine Fuqua,126,634627,King Arthur,04/08/2004,Le Roi Arthur
,96,633713,The Nun,19/09/2018,La Nonne
Roland Emmerich,119,634006,,01/02/1995,Stargate
,165,635024,It: Chapter 2,11/09/2019,Ça Chapitre 2
James Mangold,130,664322,Knight & Day,28/07/2010,Night & Day
,94,635051,,27/03/2002,Le Raid
Gary Marshall,117,635278,,17/02/2010,Valentine's Day
,109,635321,,14/09/2011,La Guerre des boutons (2011)
,87,637124,Beauty and The Beast,21/10/1992,La Belle et la bête
- Maïwenn,134,636355,,19/10/2011,Polisse
John McTiernan,130,636828,,11/08/1993,Last Action Hero
,101,635716,Teenage Mutant Ninja Turtles (2014),15/10/2014,Ninja Turtles
Kenneth Branagh,105,636418,Cinderella (2015),25/03/2015,Cendrillon (2015)
Shawn Levy,105,638473,Night At the Museum II: Escape From the Smithsonian,20/05/2009,La Nuit au musée 2
Martin Scorsese,170,640883,The Aviator,26/01/2005,Aviator
Bryan Singer,154,640412,,12/07/2006,Superman Returns
Christopher McQuarrie,131,642306,,26/12/2012,Jack Reacher
Luc Besson,107,642629,,14/04/2010,Les Aventures extraordinaires d'Adèle Blanc-Sec
,108,641055,,29/07/2015,Le Petit Prince
Matthew Vaughn,141,641173,Kingsman: The Golden Circle,11/10/2017,Kingsman 2 : Le Cercle d'or
,97,643863,,01/06/2016,Retour chez ma mère
Ryan Coogler,133,644093,Creed,13/01/2016,Creed - L'Héritage de Rocky Balboa
Sam Mendes,119,644738,,15/01/2020,1917
,105,645398,,29/08/2001,Absolument fabuleux
,90,645948,,12/12/2001,Les Rois mages
Ron Clements,95,649655,Treasure Planet,27/11/2002,La Planète au trésor
Jan De Bont,117,650146,Lara Croft Tomb Raider: The Cradle of Life,20/08/2003,Lara Croft Tomb Raider: Le Berceau de la vie
,97,647797,,30/04/2014,Barbecue
,106,650335,The Devil Wears Prada,27/09/2006,Le Diable s'habille en Prada
,88,645681,,14/03/2012,Project X (2012)
Quentin Tarantino,112,651264,,26/11/2003,Kill Bill: Volume 1
McG,105,666221,Charlie's Angels: Full Throttle,16/07/2003,Charlie's Angels: Les anges se déchaînent
Roland Emmerich,120,666332,,20/07/2016,Independence Day Resurgence
,112,665476,The Conjuring: The Devil Made Me Do It,09/06/2021,Conjuring 3 : sous l'emprise du diable
,124,667123,Warcraft,25/05/2016,Warcraft : Le commencement
,126,666495,,01/07/2015,Terminator: Genisys
Steven Soderbergh,131,668065,,26/04/2000,Erin Brockovich
,122,667523,,14/03/2018,Tomb Raider
,102,668971,,09/04/2014,Rio 2
Sylvester Stallone,102,670642,,24/01/2007,Rocky Balboa
Jean-Jacques Annaud,135,672461,Seven Years in Tibet,26/11/1997,Sept ans au Tibet
,93,674114,How to Train Your Dragon,31/03/2010,Dragons 3D
Philip Noyce,99,672870,,25/08/2010,Salt
Paul Verhoeven,112,675352,Hollow Man,20/09/2000,L'Homme sans ombre
Ridley Scott,122,675785,,10/05/2017,Alien: Covenant
,114,689880,,05/06/2019,X-Men: Dark Phoenix
Shawn Levy,108,694177,Night at the Museum,07/02/2007,La Nuit au musée
,107,702718,Enchanted,28/11/2007,Il était une fois…
,102,701031,,02/02/2005,Espace détente
Rob Cohen,114,695628,The Mummy: Tomb of the Dragon Emperor,06/08/2008,La Momie 3 : La Malédiction du dragon
David Zucker,85,697852,,24/12/2003,Scary Movie 3
Raja Gosnell,87,700363,,10/07/2002,Scooby-Doo
,86,704768,,08/12/2004,Les Dalton
,126,706260,Snow White and the Huntsman,13/06/2012,Blanche-Neige et le chasseur
,85,706876,Brother Bear,28/01/2004,Frère des ours
,85,707156,,20/11/2013,"Les Garçons et Guillaume, à table !"
Jon Turteltaub,114,710798,The Meg,22/08/2018,En eaux troubles (2018)
,100,734718,Tangled,01/12/2010,Raiponce
,89,710287,Fantastic Four: Rise of the Silver Surfer,08/08/2007,Les 4 Fantastiques et le Surfeur d'Argent
John Landis,104,709142,Beverly Hills Cop III,17/08/1994,Le Flic de Beverly Hills 3
,125,735356,Ant-Man and the Wasp : Quantumania,15/02/2023,Ant-Man et la Guêpe : Quantumania
,104,736574,Pokemon Detective Pikachu,08/05/2019,Pokémon Détective Pikachu
Jon Turteltaub,111,738442,The Sorcerer's Apprentice,11/08/2010,L'Apprenti Sorcier
Jean-Francois Richet,130,740223,,19/11/2008,Mesrine : L'Ennemi public n°1
James Wan,134,742528,The Conjuring 2: The Enfield Poltergeist,29/06/2016,Conjuring 2 : Le Cas Enfield
Lisa Azuelos,107,738734,,04/02/2009,LOL (Laughing Out Loud)
Renny Harlin,112,748898,,06/10/1993,Cliffhanger
,122,749372,Sonic the Hedgehog 2,30/03/2022,Sonic 2 le film
Baz Luhrmann,165,747258,,24/12/2008,Australia (2008)
Ron Clements,91,749436,Hercules,26/11/1997,Hercule
Steven Spielberg,145,766701,A.I. : Artificial Intelligence,24/10/2001,A.I. intelligence artificielle
Luc Besson,100,750950,,13/10/2010,Arthur et la guerre des deux mondes
,102,767436,300: Rise of an Empire,05/03/2014,300 : La naissance d'un Empire
- Russo (brothers),136,769959,Captain America: The Winter Soldier,26/03/2014,"Captain America, le soldat de l'hiver"
Chris Weitz,120,769581,His Dark Materials: The Golden Compass,05/12/2007,A la croisée des mondes: La Boussole d'or
Jean-Francois Richet,113,769242,,22/10/2008,Mesrine : L'Instinct de mort
,100,771015,Sonic The Hedgehog,12/02/2020,"Sonic, le hérisson"
,89,771939,The Avengers,19/08/1998,Chapeau melon et bottes de cuir
Stephen Sommers,130,774565,,05/05/2004,Van Helsing
Sylvester Stallone,105,773121,The Expendables,18/08/2010,Expendables : unité spéciale
,103,774586,,27/01/2010,Océans
,106,774733,Final Fantasy: The Spirits Within,15/08/2001,"Final Fantasy, les créatures de l'esprit"
Clint Eastwood,132,774989,,23/03/2005,Million Dollar Baby
,95,775628,,30/03/2016,Kung Fu Panda 3
,93,801212,,02/12/2015,Babysitting 2
,157,775467,Eternals,03/11/2021,Les Eternels
Clint Eastwood,129,776428,Hereafter,19/01/2011,Au-delà
,87,798683,Alvin and the Chipmunks: Chipwrecked,21/12/2011,Alvin et les Chipmunks 3
,135,800145,Sex and the City: The Movie,28/05/2008,Sex and the City - le film
Todd Phillips,102,802166,The Hangover Part II,25/05/2011,Very Bad Trip 2
Barry Sonnenfeld,106,802879,,23/05/2012,Men in Black 3
Sam Raimi,135,804345,,01/05/2007,Spider-Man 3
Wes Craven,122,803391,,08/07/1998,Scream 2
,110,805197,Sing (2016),25/01/2017,Tous en scène
Ron Howard,140,805694,Angels & Demons,13/05/2009,Anges & Démons
John Singleton,105,804821,,18/06/2003,2 Fast 2 Furious
Zack Snyder,117,802975,,21/03/2007,300
,95,807086,Pokemon: The First Movie,05/04/2000,Pokemon
. Nakache & Toledano,117,808544,,04/10/2017,Le Sens de la fête
,102,830026,101 Dalmatians (1996),26/03/1997,Les 101 Dalmatiens (1996)
,97,830130,A Good Day to Die Hard,20/02/2013,Die Hard : Belle journée pour mourir
Zack Snyder,120,834493,,15/11/2017,Justice League
,117,832553,,09/01/2019,Creed II
,128,834805,,27/09/2006,Indigènes
Michael Bay,149,810533,,28/06/2017,Transformers: The Last Knight
,121,835652,Michael Jackson's This Is It,28/10/2009,This Is It
Michel Hazanavicius,99,835334,,19/04/2006,OSS 117: Le Caire nid d'espions
Chris Columbus,125,837487,Mrs.Doubtfire,09/02/1994,Madame Doubtfire
Martin Campbell,137,844801,The Mask of Zorro,14/10/1998,Le Masque de Zorro
,100,840349,,26/10/1994,The Mask
,85,842999,,26/11/2014,Astérix: Le Domaine des Dieux
Tom Shadyac,86,845332,Liar Liar,25/06/1997,"Menteur, menteur"
Jean-Paul Salomé,97,849638,,04/04/2001,Belphégor - Le fantôme du Louvre
,98,851973,,03/10/2018,Alad'2
Claude Berri,160,866956,,29/09/1993,Germinal
,86,874013,,22/06/2005,Madagascar
James Gunn,121,873264,Guardians of the Galaxy,13/08/2014,Les Gardiens de la Galaxie
Martin Scorsese,170,869475,,08/01/2003,Gangs of New York
,121,873491,The X-Files,21/10/1998,Combattre le futur
Steven Soderbergh,121,871826,,20/06/2007,Ocean's Thirteen
,82,871475,,27/02/2013,Boule et Bill
Phlippe de Chauveron,98,874683,,06/04/2022,Qu'est-ce qu'on a tous fait au Bon Dieu ?
Alexandre Arcady,114,875028,,23/10/1985,Hold up
James Huth,103,879832,,21/10/2009,Lucky Luke (2009)
Etienne Chatiliez,108,883961,,21/11/2001,Tanguy
François Ozon,100,875112,,10/11/2010,Potiche
,113,887190,The Maze Runner,15/10/2014,Le Labyrinthe
Ron Clements,95,876083,The Princess and the Frog,27/01/2010,La Princesse et la grenouille
,140,881017,,21/12/2016,Assassin's Creed
Laurent Tirard,97,887210,,09/07/2014,Les Vacances du Petit Nicolas
Curtis Hanson,101,922854,,26/02/2003,8 Mile
John Lasseter,92,926962,,02/02/2000,Toy Story 2
,83,928153,,05/12/2018,Astérix - Le Secret de la Potion Magique
Christopher Nolan,106,925204,Dunkirk,19/07/2017,Dunkerque
Andrew Stanton,97,925900,,30/07/2008,Wall-E
Alain Chabat,98,931372,,28/01/2004,Rrrrrrr!!!
James Mangold,135,932601,,01/03/2017,Logan
Simon West,102,935219,The Expendables 2,22/08/2012,Expendables 2: unité spéciale
,97,935495,,24/02/2016,Pattaya
Matthew Vaughn,130,937704,X-Men: First Class,01/06/2011,X-Men Le commencement
Louis Leterrier,116,961911,Now You See Me,31/07/2013,Insaisissables
Dominic Sena,118,964818,Gone in 60 Seconds,23/08/2000,60 secondes chrono
Quentin Tarantino,148,939788,,19/08/2009,Inglourious Basterds
Andrew Adamson,90,939597,,04/07/2001,Shrek
,85,961182,,04/02/2004,Les 11 commandements
,107,969755,X-Men Origins : Wolverine,29/04/2009,X-Men Origins: Wolverine
Jon Watts,133,981189,,12/07/2017,Spider-Man: Homecoming
,92,970435,,25/10/2017,Epouse-moi mon pote
Guy Ritchie,128,981375,Sherlock Holmes: A Game of Shadows,25/01/2012,Sherlock Holmes 2 : Jeu d'ombres
Mathieu Kassovitz,105,972609,,27/09/2000,Les Rivières pourpres
,93,976227,Trolls,19/10/2016,Les Trolls
,100,986363,,15/10/1997,Le Pari
Eric Lartigau,105,972689,,17/12/2014,La Famille Bélier
Andrew Adamson,169,994686,The Chronicles of Narnia: Prince Caspian,25/06/2008,Le Monde de Narnia : chapitre 2 - Prince Caspian
Simon Wells,99,998779,The Prince of Egypt,16/12/1998,Le Prince d'Egypte
James Mangold,128,1029033,The Wolverine,24/07/2013,The Wolverine : le combat de l'immortel
,97,1034706,Bridget Jones's Diary,10/10/2001,Le Journal de Bridget Jones
Justin Lin,99,1020741,Fast & Furious,08/04/2009,Fast & Furious 4
Denis Villeneuve,155,1030687,,15/09/2021,Dune (2021)
J.J. Abrams,126,996860,,03/05/2006,Mission: Impossible III
Tom Shadyac,101,1034327,Bruce Almighty,03/09/2003,Bruce tout-puissant
Ryan Coogler,135,1058869,,14/02/2018,Black Panther
John Lasseter,113,1047200,,27/07/2011,Cars 2
Zack Snyder,143,1054552,,19/06/2013,Man of Steel
Steven Spielberg,170,1057672,Saving Private Ryan,30/09/1998,Il faut sauver le soldat Ryan
Eric Lartigau,90,1065610,,01/11/2006,Prête-moi ta main
Pierre-François Martin-Laval,88,1037269,,17/04/2013,Les Profs
Michel Hazanavicius,100,1090269,,15/04/2009,OSS 117 : Rio ne répond plus
Chris Renaud,90,1093363,The Secret Life of Pets,27/07/2016,Comme des bêtes
David Fincher,130,1062919,Se7en,31/01/1996,Seven
,97,1059393,The Boss Baby,29/03/2017,Baby Boss
Francis Lawrence,100,1096518,I Am Legend,19/12/2007,Je suis une légende
Steven Spielberg,145,1100206,,02/10/2002,Minority Report
Ridley Scott,141,1101028,The Martian,21/10/2015,Seul sur Mars
James Huth,95,1100295,,19/10/2016,Brice 3
Martin Campbell,130,1105770,GoldenEye,20/12/1995,Goldeneye
,116,1105921,,01/03/2023,Creed III
Danny Boyle,119,1106607,The Beach,16/02/2000,La Plage
,106,1112863,,12/02/2014,"Les Trois frères, le retour"
,95,1116637,,09/02/2005,Iznogoud
Steven Spielberg,124,1109641,Jaws,28/01/1976,Les Dents de la mer
Michael Bay,144,1115888,Transformers : Revenge of the Fallen,24/06/2009,Transformers: La Revanche
,130,1108407,,03/08/2016,Suicide Squad
Jean-Marie Poiré,110,1150047,,06/04/2016,Les Visiteurs 3 : La Révolution
,119,1150926,Thor: Love and Thunder,13/07/2022,Thor: Love And Thunder
Fabien Onteniente,107,1150993,,02/04/2008,Disco
,95,1154169,,11/02/2004,Podium
Richard Donner,120,1154667,Lethal Weapon 4,22/07/1998,L'Arme fatale 4
,112,1159433,Thor: The Dark World,30/10/2013,Thor : Le Monde des ténèbres
Matt Reeves,133,1165588,,02/03/2022,The Batman
Francis Veber,83,1164333,,29/03/2006,La Doublure
,105,1167598,,17/03/2010,L'Arnacoeur
Christopher McQuarrie,148,1169669,,01/08/2018,Mission: Impossible - Fallout
Francis Veber,80,1157996,,15/04/1998,Le Dîner de cons
,119,1172398,The Divergent Series: Insurgent,18/03/2015,Divergente 2 : l’insurrection
,110,1173587,Sing 2,22/12/2021,Tous en scène 2
Pierre-François Martin-Laval,92,1180383,,01/07/2015,Les Profs 2
Olivier Megaton,98,1231066,,03/10/2012,Taken 2
Justin Lin,130,1179765,Fast Five,04/05/2011,Fast & Furious 5
,94,1232859,Ice Age: Collision Course,13/07/2016,L'Age de glace : les lois de l'Univers
Francis Lawrence,137,1231013,"The Hunger Games: Mockingjay, Part 2",18/11/2015,Hunger Games – La Révolte : Partie 2
Christopher McQuarrie,131,1233768,Mission: Impossible - Rogue Nation,12/08/2015,Mission Impossible 5
Simon West,100,1232897,,27/06/2001,Lara Croft: Tomb Raider
,105,1250508,,17/10/2001,American Pie 2
,141,1249001,The Amazing Spider-Man 2,30/04/2014,The Amazing Spider-Man : le destin d'un Héros
,82,1250646,Dinosaur,29/11/2000,Dinosaure
,128,1254628,,06/03/2019,Captain Marvel
,105,1257650,Fifty Shades Freed,07/02/2018,Cinquante nuances plus claires
Michael Apted,128,1260169,The World is Not Enough,01/12/1999,Le Monde ne suffit pas
Zack Snyder,151,1251205,Batman v. Superman: Dawn of Justice,23/03/2016,Batman v Superman : L’Aube de la Justice
Guillaume Canet,135,1261701,,01/05/2019,Nous finirons ensemble
,89,1338230,Madagascar: Escape 2 Africa,03/12/2008,Madagascar 2 : la grande évasion
James Gunn,150,1323124,Guardians of the Galaxy Vol. 3,03/05/2023,Les Gardiens de la Galaxie 3
Martin Campbell,138,1260348,,22/11/2006,Casino Royale (2006)
,105,1340940,How to Train Your Dragon 2,02/07/2014,Dragons 2
,90,1342183,,29/10/1997,Bean
,129,1346594,Pirates of the Caribbean: Dead Men Tell No Tales,24/05/2017,Pirates des Caraïbes : La Vengeance de Salazar
Barry Sonnenfeld,104,1344413,,04/08/1999,Wild Wild West
James Huth,98,1346829,,06/04/2005,Brice de Nice
Bryan Singer,133,1348391,X2: X-Men United,30/04/2003,X-Men 2
Brad Bird,115,1349086,The Incredibles,24/11/2004,Les Indestructibles
- Russo (brothers),146,1354401,,27/04/2016,Captain America: Civil War
Fabien Onteniente,99,1357109,,21/04/2010,Camping 2
M. Night Shyamalan,106,1357836,Unbreakable,27/12/2000,Incassable
Guillaume Canet,154,1369812,,20/10/2010,Les Petits mouchoirs
,88,1360765,Minions: The Rise of Gru,06/07/2022,Minions 2 : Il était une fois Gru
Jon Watts,129,1370178,,03/07/2019,Spider-Man: Far from Home
,105,1452753,,14/10/2015,Les Nouvelles aventures d'Aladin
Peter Jackson,187,1441705,,14/12/2005,King Kong (2005)
M. Night Shyamalan,107,1463152,The Sixth Sense,05/01/2000,Sixième sens
Lee Tamahori,134,1447434,Die Another Day,20/11/2002,Meurs un autre jour
Dany Boon,105,1468155,,01/02/2017,RAID Dingue
Alfonso Cuaron,91,1493000,,23/10/2013,Gravity
Steven Soderbergh,116,1502148,,06/02/2002,Ocean's Eleven
Olivier Baroux,94,1502557,,03/02/2016,Les Tuche 2 - Le rêve américain
Jonathan Mostow,109,1506449,Terminator 3: Rise of the Machines,06/08/2003,Terminator 3: Le Soulèvement des machines
Luc Besson,95,1510369,,13/12/2006,Arthur et les Minimoys
,100,1505679,,26/06/2019,Toy Story 4
,100,1524218,,11/04/2018,Taxi 5
,122,1527394,,24/10/2018,Le Grand Bain
Joseph Kosinski,131,1529608,Top Gun: Maverick,25/05/2022,Top Gun : Maverick
David Yates,134,1649616,Fantastic Beasts: The Crimes of Grindelwald,14/11/2018,Les Animaux fantastiques - Les crimes de Grindelwald
Steven Spielberg,125,1674041,Indiana Jones and the Kingdom of the Crystal Skull,21/05/2008,Indiana Jones et le Royaume du crane de cristal
Ryan Coogler,161,1692183,,09/11/2022,Black Panther: Wakanda Forever
Rob Marshall,137,1693713,Pirates of the Caribbean: On Stranger Tides,18/05/2011,Pirates des Caraïbes : la Fontaine de Jouvence
Phlippe de Chauveron,97,1680249,,16/04/2014,Qu'est-ce qu'on a fait au Bon Dieu ?
Marc Foster,107,1703897,,31/10/2008,Quantum of Solace
Ron Howard,149,1707373,The Da Vinci Code,17/05/2006,Da Vinci code
James Cameron,137,1708421,Terminator 2: Judgment Day,16/10/1991,"Terminator 2, le jugement dernier"
Brian De Palma,110,1713919,,23/10/1996,Mission: Impossible
Steven Spielberg,117,1700096,War of The Worlds,06/07/2005,La Guerre des mondes
Tim Burton,119,1728196,Planet of the Apes,22/08/2001,La Planète des singes
,93,1722859,Shrek Forever After,30/06/2010,"Shrek 4, il était une fin"
Alain Chabat,105,1728270,,04/04/2012,Sur la piste du Marsupilami
James Cameron,194,1743419,,07/01/1998,Titanic
Matt Reeves,130,1746921,Dawn of the Planet of the Apes,30/07/2014,La Planète des singes : l'affrontement
George Lucas,132,2002398,Attack of the Clones,17/05/2002,L'Attaque des clones
Gérard Krawczyk,91,2010736,,14/02/2007,Taxi 4
Bill Condon,117,2018771,The Twilight Saga: Breaking Dawn,16/11/2011,Twilight - Chapitre 4 : révélation
Peter Jackson,179,2404825,The Lord of the Rings: The Two Towers,18/12/2002,Le Seigneur des anneaux: Les Deux tours
Jon Watts,148,2867515,,15/12/2021,Spider-Man: No Way Home
J.J. Abrams,142,2420710,Star Wars: The Rise of Skywalker,18/12/2019,Star Wars: L'Ascension de Skywalker
,114,3007811,,30/01/2008,Asterix aux Jeux Olympiques
David Yates,153,2882397,Harry Potter and the Half-Blood Prince,15/07/2009,Harry Potter et le Prince de sang-mêlé
Bill Condon,116,2409923,The Twilight Saga: Breaking Dawn (Part. 2),14/11/2012,Twilight - Chapitre 5 : Révélation 2e partie
Steven Spielberg,107,3158313,The Adventures of Tintin: Secret of the Unicorn,26/10/2011,Les Aventures de Tintin : Le secret de la Licorne
Mike Newell,153,3088796,Harry Potter and the Goblet of Fire,30/11/2005,Harry Potter et la coupe de feu
David Yates,130,3129485,Harry Potter and the Deathly Hallows: Part II,13/07/2011,Harry Potter et les reliques de la mort - partie 2
Jon Favreau,118,3252896,The Lion King (2019),17/07/2019,Le Roi Lion (2019)
George Lucas,146,3303005,Revenge of the Sith,18/05/2005,La Revanche des Sith
- Russo (brothers),181,3426471,,24/04/2019,Avengers: Endgame
Gérard Krawczyk,90,3478850,,29/03/2000,Taxi 2
Alain Chabat,107,3685097,,30/01/2002,Astérix et Obélix: Mission Cléopatre
J.J. Abrams,136,3801235,Star Wars: The Force Awakens,16/12/2015,Star Wars: Le Réveil de la Force
Patrice Leconte,97,3906694,,01/02/2006,Les Bronzés 3: Amis pour la vie
